<?xml version="1.0" encoding="UTF-8" ?>
<!DOCTYPE mapper PUBLIC "-//mybatis.org//DTD Mapper 3.0//EN" "http://mybatis.org/dtd/mybatis-3-mapper.dtd">

<mapper namespace="Creation">
  
  <select id="getCourses" resultType="map">    
		 select distinct id AS courseid,coursename from ccic.courses_mst Where instituteid=#{instituteid};            
		</select>    
          
   <select id="getCollegeDetails" parameterType="map" resultType="Creation">
		select concat(a.instituteid,b.courseshortname) username,concat(a.instituteid,b.courseshortname) pwd,b.courseshortname AS courseshortname,fee 
		 from (select instituteid,institutename from ccic.institutions_mst)a  JOIN (select * from ccic.courses_mst)b 
		  on a.instituteid = #{p.instituteid} AND b.id = #{p.courseid}  
	</select>                            
	       
	  <select id="getRole" parameterType="map" resultType="java.lang.Integer">   
		select count(*) from ccic.registrations where username = #{p.username};
	</select>
	    
	<select id="checkUser" parameterType="map" resultType="java.lang.Integer">
		select count(*) from ccic.registrations where username = #{p.username};        
	</select>
	                    
	<insert id="saveLogins" parameterType="map">   
		insert into ccic.registrations(name,email, username, mobileno, password, instituteid,districtid,courseid,courseshortname,exmcentercode,role)
		values(initcap(#{p.principalname}),#{p.email}, #{p.username},#{p.mobileno},#{p.pwd},#{p.instituteid},#{p.districtid},#{p.courseid},#{p.courseshortname},#{p.exmcentercode},'HOD');
	</insert>
	<update id="update"  parameterType="map">            
		update ccic.registrations SET         
		instituteid=#{p.instituteid} WHERE username=#{p.username};   
	</update> 
	<select resultType="Creation" parameterType="map" id="getById"> 
		select instituteid from ccic.registrations where username = #{p.username} 
		 </select>
	      
	  <select id="getDetails" parameterType="map" resultType="Creation">    
		select  email,username,password from ccic.registrations where
		username = #{p.username}                     
	</select>  
	<select id="getUserId" parameterType="map" resultType="java.lang.Integer">
		select userid  from ccic.registrations where username = #{p.username} LIMIT 1;
	</select>
	  <update id="assignRole"  parameterType="map">    
		update ccic.registrations SET    
		roleid=18 WHERE username = #{p.username};   
	</update>   
	<select id="getLogins" parameterType="java.lang.Integer" resultType="map">
	    select a.username, concat(a.instituteid) AS pwd from
		(select username, instituteid from ccic.registrations  where instituteid = #{instituteid}
		)a 
		INNER JOIN
		(select instituteid from ccic.institutions_mst) b  
		on (a.instituteid = b.instituteid) ORDER BY a.username;       

	</select>  
	  <!--  <select id="getLogins" parameterType="java.lang.Integer" resultType="map">
		select a.username, concat(b.id, '@', a.collegeid) AS pwd from
		(select id, username, collegeid from admin.user where collegeid = #{collegeId} and id in
			(select distinct userid from admin.user_role where roleid = 16)) a    
		INNER JOIN
		(select id, id from ccic.colleges_polytechnic) b
		on (a.collegeid = b.id) ORDER BY a.username;
	</select>   
	      -->
	<select id="getDistricts" resultType="map">    
			select
	    distinct districtid,districtname             
		from ccic.district_mst;         
			</select>    
	     
	<select id="getColleges" parameterType="java.lang.Integer" resultType="map">
		select instituteid, institutename from ccic.institutions_mst WHERE districtid=#{districtid} ORDER BY institutename;
	</select>
	
	<select id="getExamCenters" parameterType="java.lang.Integer" resultType="map">   
		select exmcentercode, centername from ccic.examinationcenter_mst WHERE districtid=#{districtid} ORDER BY centername;
	</select>
	
	<select id="getRoles" resultType="map">    
			select
	    distinct roleid,rolename  AS role            
		from ccic.roles_mst;         
			</select>    
</mapper>