<?xml version="1.0" encoding="UTF-8"?>
<!DOCTYPE mapper PUBLIC "-//mybatis.org//DTD Mapper 3.0//EN" "http://mybatis.org/dtd/mybatis-3-mapper.dtd">

<mapper namespace="Login">         
   
<select resultType="java.lang.Integer" parameterType="map" id="checkUser"> 
select count(*) from ccic.registrations where username = #{p.username} AND password = #{p.password} 
</select>

 <select parameterType="map" id="getRole" resultType="Login">  
select role from ccic.registrations where username = #{username} AND password = #{password} 
</select>              
           
<select resultType="Login" parameterType="map" id="getUserDetails"> 
select  username,password,role,instituteid,districtid  from ccic.registrations where username = #{p.username} 
AND password = #{password}
</select>                             
<select resultType="Login" parameterType="map" id="getUserDetails1"> 
select  username,password,role  from ccic.registrations where username = #{username} 
AND password = #{password}   
</select>                    
 <select resultType="Login" parameterType="map" id="getUserDetails2">        
select  a.username AS username,a.password AS password,a.role AS role,a.instituteid AS instituteid,a.courseid AS courseid,a.exmcentercode ,
a.districtid AS districtid,a.courseshortname AS courseshortname,b.fee as fee from   
(select username,password,role,instituteid,courseid,districtid,courseshortname,exmcentercode from ccic.registrations)a
join (select courseshortname,fee from ccic.courses_mst)b on a.courseshortname = b.courseshortname
where username = #{username}  AND password =  #{password}
</select>                   
                      
<insert parameterType="map" id="saveLogins">         
insert into ccic.login(username, password,districtid, role,instituteid,courseid,logtime,logip) 
values(#{p.username},#{p.password} ,#{p.districtid},#{p.role}, #{p.instituteid},#{p.courseid},current_timestamp,#{p.ipaddress}) </insert>


<delete parameterType="java.lang.String" id="deleteLoginLog">
 DELETE FROM ccic.login WHERE username = #{p.username} 
 </delete>                               
 
</mapper>           