<?xml version="1.0" encoding="UTF-8" ?>
<!DOCTYPE mapper PUBLIC "-//mybatis.org//DTD Mapper 3.0//EN" "http://mybatis.org/dtd/mybatis-3-mapper.dtd">
<mapper namespace="PayStudent">
         
	 <select id="getNameWiseData" resultType="PayStudent">
		SELECT name,fathername,email,phoneno,applicationid,address from ccic.student where institutioncode = #{institutioncode} AND courseid = #{courseid} AND name=#{name};
	  </select>    
	  
	   <select id="getAll" resultType="PayStudent">
		SELECT name,applicationid,fee from ccic.student where institutioncode = #{institutioncode} AND courseid = #{courseid};
	  </select>   
	  
	  <select id="getBacklogAll" resultType="PayStudent">    
		SELECT name,applicationid,fee from ccic.student_backlog where institutioncode = #{institutioncode} AND courseid = #{courseid};
	  </select>    
	  
	   <select id="getSubjects" resultType="PayStudent">
		select subjectid,subjectname from ccic.subjects_mst where courseid=(select id from ccic.courses_mst where courseshortname=#{courseid});
	  </select>        
	   <insert id="saveBulkPaymentDetails" parameterType="PayStudent">          
	      INSERT INTO ccic.bulkpayment(name, email, studentlist, noofstudents,amount, guid, logtime, ipaddress,instituteid,courseid)
VALUES (#{p.name},#{p.email},#{p.studentList},#{p.students}::int,#{p.amount},#{p.guid}, current_timestamp,#{p.ipaddress},#{p.instituteid},#{p.courseid});   
</insert>      
	</mapper>                             