<?xml version="1.0" encoding="UTF-8" ?>
<!DOCTYPE mapper PUBLIC "-//mybatis.org//DTD Mapper 3.0//EN" "http://mybatis.org/dtd/mybatis-3-mapper.dtd">

<mapper namespace="StudentsApprove">
  
  <select id="getCourses" resultType="map">    
		 select distinct id AS courseid,coursename,courseshortname AS courseshortname from ccic.courses_mst Where instituteid=#{instituteid};            
		</select>                
          
	   
	<select id="getDistricts" resultType="map">    
			select
	    distinct districtid,districtname                        
		from ccic.district_mst;           
	</select>    
	     
	<select id="getColleges" parameterType="java.lang.Integer" resultType="map">
		select instituteid, institutename from ccic.institutions_mst WHERE districtid=#{districtid} ORDER BY institutename;
	</select>  
	
	<select id="getAll"  resultType="map">   
	    
		select applicationid,name,email from ccic.student WHERE institutioncode = #{instituteid} AND courseid =  #{courseid}
	</select>  
	               
	<update id="updateData"  parameterType="map">  
		update ccic.student SET approved = 'Y' WHERE applicationid= #{applicationid};   
	</update> 
	
	<select id="getapplname" resultType="StudentsApprove" parameterType="java.lang.String">         
      select applicationid,district as districtname,courseid from ccic.student WHERE applicationid =#{applicationid}; 
	</select> 
	<select id="getInstCode" resultType="StudentsApprove" parameterType="java.lang.String">
	select institutename from ccic.institutions_mst where instituteid=(select CAST(institutioncode as integer) as instituteid from ccic.student where applicationid='LS20025010001')                       
	 </select>              
</mapper>                                    