<?xml version="1.0" encoding="UTF-8" ?>
<!DOCTYPE mapper PUBLIC "-//mybatis.org//DTD Mapper 3.0//EN" "http://mybatis.org/dtd/mybatis-3-mapper.dtd">
<mapper namespace="StudentPay">
         
	 <!-- <select id="getNameWiseData" resultType="PayStudent">
		SELECT name,fathername,email,phoneno,applicationid,address from ccic.student where institutioncode = #{institutioncode} AND courseid = #{courseid} AND name=#{name};
	  </select> -->
	  
	   <select id="getByApplicationId" resultType="StudentPay">
		SELECT name,fathername,email,phoneno,applicationid,dno,village,mandal,district,pincode,fee from ccic.student where applicationid = #{applicationid} AND approved= 'Y';
	  </select>   
	  
	   <select id="getSubjects" resultType="StudentPay" parameterType="java.lang.String">
		select subjectid,subjectname,date,time from ccic.subjects_mst where courseid=(select id from ccic.courses_mst where courseshortname=lpad(CAST(#{applicationid} AS character varying),2,'0')) ORDER BY subjectid;
	  </select>            
	       
	     <select id="getapplname" resultType="StudentPay" parameterType="java.lang.String">         
      select name,fathername,applicationid,district as districtname,courseid,image_path,exmcentercode from ccic.student WHERE applicationid =#{applicationid}; 
	</select>  
	       
	 <select id="getInstCode" resultType="StudentPay" parameterType="java.lang.String">
	select institutename,instituteid from ccic.institutions_mst where instituteid=(select CAST(institutioncode as integer) as instituteid from ccic.student where applicationid=#{applicationid});                       
	 </select> 
	 
	  
	     <select id="getExamCenter" resultType="StudentPay" parameterType="java.lang.Integer">         
      select exmcentercode,centername from ccic.examinationcenter_mst WHERE exmcentercode =#{exmcentercode}; 
	</select>
	 <select id="getInstName" resultType="StudentPay" parameterType="java.lang.String">           
     select courseshortname,coursename from ccic.courses_mst WHERE courseshortname =#{courseid}; 
	</select>             
	      
	</mapper>                                        