<?xml version="1.0" encoding="UTF-8" ?>
<!DOCTYPE mapper PUBLIC "-//mybatis.org//DTD Mapper 3.0//EN" "http://mybatis.org/dtd/mybatis-3-mapper.dtd">
<mapper namespace="Student">
      


	<select id="getYear1" resultType="StuModel" parameterType="java.lang.String">                          
	SELECT concat(EXTRACT(YEAR FROM CURRENT_DATE),'-',EXTRACT(YEAR FROM CURRENT_DATE)+1) as year1;	
	</select>
	
	<insert id="saveDetails" parameterType="map">
		insert into ccic.student(name,fathername,email,phoneno,courseid,ipaddress,logtime,institutioncode,year,month,fee)
		values(#{p.name},#{p.fathername},#{p.email},#{p.phoneno},#{p.courseid},#{p.ipaddress},current_timestamp,#{p.institutioncode}
		,#{year},#{month},#{p.fee})  
	</insert>
	<insert id="saveFileUploadDetails" parameterType="map">
		INSERT INTO
		admin.fileuploaddetails(role, filepath,fileextension,
		logtime)
		VALUES(#{p1.role},#{p1.filePath},#{p1.fileExtension},current_timestamp);
	</insert>

	<insert id="Insert" parameterType="map">
		insert into ccic.student(name,fathername,email,phoneno,courseid,ipaddress,logtime,institutioncode,year,month,fee,exmcentercode)
		values(#{p.name},#{p.fathername},#{p.email},#{p.phoneno},#{p.courseid},#{p.ipaddress},current_timestamp,#{p.institutioncode},#{year},#{month},#{p.fee},#{p.exmcentercode})
	</insert>
	                               
	<update id="updateDetails"  parameterType="map">       
		update ccic.student SET
		applicationid = concat(#{p.courseid},year,lpad(CAST(month AS character varying),2,'0'),   
		#{p.institutioncode},lpad(CAST( #{p.count} AS character varying ),4,'0'))
		WHERE name=#{p.name};    
    </update>                                                    
         
      <select id="count" resultType="StuModel">     
		SELECT count(courseid)+1 as count from ccic.student where institutioncode = #{p.institutioncode} AND courseid=#{p.courseid} AND 
		month=#{month} AND year=#{year};
	  </select>       
	  
	  <select id="getYear" resultType="java.lang.Integer">
		SELECT (cast(split_part(cast(EXTRACT(year FROM CURRENT_TIMESTAMP) as varchar), '0', 2) as integer)) as year;
	  </select>
	  
	   <select id="getMonth" resultType="java.lang.Integer">
		SELECT cast(EXTRACT(month FROM CURRENT_TIMESTAMP) as integer) as month;  
	  </select>
	     
	 <select id="getAll" resultType="StuModel">
		SELECT name,fathername,email,phoneno,applicationid from ccic.student where institutioncode = #{institutioncode} AND courseid = #{courseid};
	  </select>          
	                 
	  
	  <select id="getById" resultType="StuModel">
		SELECT rowid,name,fathername,email,phoneno from ccic.student
		WHERE email = #{email} AND institutioncode = #{institutioncode};      
	  </select> 
	      
	<update id="updateData"  parameterType="map">
		update ccic.student SET name = #{p.name},email = #{p.email},  
		fathername = #{p.fathername},phoneno = #{p.phoneno}  WHERE rowid=#{p.rowid};
	</update> 
	      
	</mapper>    