<?xml version="1.0" encoding="UTF-8" ?>
<!DOCTYPE mapper PUBLIC "-//mybatis.org//DTD Mapper 3.0//EN" "http://mybatis.org/dtd/mybatis-3-mapper.dtd">
<mapper namespace="Table">
    
    <update id="UpdateAddress" parameterType="map">
		update ccic.student SET address = #{address} Where applicationid = #{applicationid}
	</update>         
	  
	   <select id="getNameWiseData" resultType="PayStudent">
		SELECT name,fathername,email,phoneno,applicationid,address from ccic.student where institutioncode = #{institutioncode} AND courseid = #{courseid} AND name=#{name};
	  </select>
	  
	 <update id="updateDetails"  parameterType="map">    
		update ccic.student SET
		applicationid = concat('OCC',#{p.courseid},year,lpad(CAST(month AS character varying),2,'0'),
		#{p.institutioncode},lpad(CAST( #{p.count} AS character varying ),3,'0')) 
		WHERE name=#{p.name};    
	</update>     
      
      <select id="count" resultType="Table">     
		SELECT count(courseid)+1 as count from ccic.student where institutioncode = #{p.institutioncode} AND courseid=#{p.courseid} AND 
		month=#{month} AND year=#{year};
	  </select>       
	     
	  <select id="getYear" resultType="java.lang.Integer">
		SELECT (cast(split_part(cast(EXTRACT(year FROM CURRENT_TIMESTAMP) as varchar), '0', 2) as integer)) as year;
	  </select>
	  
	   <select id="getMonth" resultType="java.lang.Integer">
		SELECT cast(EXTRACT(month FROM CURRENT_TIMESTAMP) as integer) as month;
	  </select>    
	                        
	 <select id="getAll" resultType="Table">   
		SELECT name,applicationid,dno,village,mandal,district,pincode,image_path from ccic.student where institutioncode = #{institutioncode} AND courseid = #{courseid};
	  </select>             
	                         
	  
	  <select id="getById" resultType="Table">       
		SELECT applicationid,name,dno,village,mandal,district,pincode,image_path from ccic.student                
		WHERE applicationid = #{applicationid} AND institutioncode = #{institutioncode};     
	  </select>
	      
	 <!--  <delete id="deleteData" parameterType="java.lang.String">   
		delete from ccic.library_details where branchname = #{branchname};                                         
	</delete>	-->           
	<update id="updateData"  parameterType="map">
		update ccic.student SET dno = #{p.dno},village = #{p.village},mandal = #{p.mandal},district = #{p.district},pincode = #{p.pincode},image_path =#{p.image_path}
		  WHERE applicationid=#{p.applicationid};                 
	</update> 
	      
	</mapper>    