<?xml version="1.0" encoding="UTF-8"?>
<!DOCTYPE configuration PUBLIC "-//mybatis.org//DTD Config 3.0//EN" "http://mybatis.org/dtd/mybatis-3-config.dtd">

<configuration>
   		<typeAliases>
   		  
   		     <typeAlias alias="login" type="com.spring.Model.Login" />   
   		     <typeAlias alias="email" type="com.spring.Model.Email" />
   		     <typeAlias alias="Creation" type="com.spring.Model.Creation" />
   		      <typeAlias alias="HodCreation" type="com.spring.Model.HodCreation" />
   		  	<!--  <typeAlias alias="AddStudent" type="com.spring.Model.AddStudent" /> --> 
   		  	 <typeAlias alias="StuModel" type="com.spring.Model.Student" />
   		  	   <typeAlias alias="Table" type="com.spring.Model.Table" />     
   		  	   <typeAlias alias="PayStudent" type="com.spring.Model.PayStudent" />   
   		  	   <typeAlias alias="StudentPay" type="com.spring.Model.StudentPay" />
   		  	   <typeAlias alias="StudentsApprove" type="com.spring.Model.StudentsApprove" />       
      	</typeAliases>                                            
      	  
   	 	<mappers>  
   	 	                            
   	         <mapper resource="com/example/security/model/Login-MyBatis.xml" />
   	 	     <mapper resource="com/example/security/model/Creation-MyBatis.xml" />
   	 	      <mapper resource="com/example/security/model/HodCreation-MyBatis.xml" />
   	 	   <!--   <mapper resource="com/example/security/model/AddStudent-MyBatis.xml" /> --> 
   	 	      <mapper resource="com/example/security/model/Student-MyBatis.xml" />    
   	 	      <mapper resource="com/example/security/model/Table-MyBatis.xml" /> 
   	 	      <mapper resource="com/example/security/model/PayStudent-MyBatis.xml" />
   	 	      <mapper resource="com/example/security/model/StudentPay-MyBatis.xml" />
   	 	       <mapper resource="com/example/security/model/StudentsApprove-MyBatis.xml" />   
       	</mappers>             
                                      
</configuration>                      