<?xml version="1.0" encoding="UTF-8" ?>
<!DOCTYPE mapper PUBLIC "-//mybatis.org//DTD Mapper 3.0//EN" "http://mybatis.org/dtd/mybatis-3-mapper.dtd">
<mapper namespace="PayUStatus">
	
	<!-- <select id="getStudentList" parameterType="map" resultType="java.lang.String">
		select studentlist from ccic.bulkpayment where guid = #{p.udf4};   
	</select>        
      
	<select id="getStudentLink" parameterType="map" resultType="PayUMoney">
		select a.aadhaar, b.name, b.email, a.url from
		(select trainingbatchid, collegeid, programid, aadhaar, url from apssdc.student_registration where aadhaar = #{p.udf2}) a
		inner join
		(select trainingbatchid, collegeid, programid, aadhaar, name, email from apssdc.batch_students where aadhaar = #{p.udf2}) b
		on (a.trainingbatchid = b.trainingbatchid and a.collegeid = b.collegeid and a.programid = b.programid
		and a.aadhaar = b.aadhaar and a.programid = #{p.trainingprogramid});
	</select>   
	
	
	<update id="updateStudentPayment" parameterType="map">
	update siemens2.registrations set paymentstatus='success' where id=#{p.id}::int
	
	</update>  
	   
	<select id="getCoursename" parameterType="java.lang.String" resultType="java.lang.String">
	
	select coursename from siemens2.coe_course_mst where coursecode = #{courseid}
	
	</select>
	
	<select id="getCentername" parameterType="java.lang.String" resultType="java.lang.String">   
	
	select centre from siemens2.coe_mst where id=#{centerid}::int
	
	</select>   
	      -->
	  	   
	<!-- <select id="getStudentdata" parameterType="map" resultType="PayUMoney">
		SELECT name, gender, phone, email, 
	    aadhaar, logtime, guid, center, coecoursecode, coecenterid, tsdicenterid, tsdicourseid, tsdicourselevel,trainingid
	    FROM siemens2.registrations WHERE guid is not null and guid = #{p.guid};
	</select>          
	<select id="getcourseDetails" parameterType="map" resultType="PayUMoney">
		SELECT name, gender, phone, email,    
	    aadhaar, logtime, guid, center FROM siemens2.registrations WHERE guid is not null and aadhaar = #{p.udf1} LIMIT 1 ;
	</select>     
	<update id="updateRegistrationFee" parameterType="map">
		update apssdc.batch_students set registrationFee='true' where programid=#{p.trainingprogramid} and aadhaar=#{p.udf2}
	</update>   
	
	<update id="updateCourseFee" parameterType="map">
		update apssdc.batch_students set courseFee='true' where programid=#{p.trainingprogramid} and aadhaar=#{p.udf2}
	</update>   
 -->
	<insert id="add" parameterType="map">
	INSERT INTO ccic.payu(
		mihpayid, mode, status, unmappedstatus, key, txnid,
		amount,
		cardcategory, discount, net_amount_debit, addedon, productinfo,
		 email, phone, hash, payment_source, pg_type, bank_ref_num,
		bankcode, error, error_message, name_on_card, cardnum, cardhash,
		issuing_bank, card_type, aadhaar, ipaddress,
		logtime, centerid, course, transactiontype, guid,applicationid)
		VALUES
		(#{p.mihpayid},#{p.mode},#{p.status},#{p.unmappedstatus},
		#{p.key},#{p.txnid},#{p.amount},#{p.cardCategory},#{p.discount},
		#{p.net_amount_debit},#{p.addedon},'CCIC-Certificate-Fee',
		
		#{p.email},#{p.phone},#{p.hash},#{p.payment_source},#{p.PG_TYPE},
		#{p.bank_ref_num},#{p.bankcode},#{p.error},
		#{p.error_Message},#{p.name_on_card},#{p.cardnum},#{p.cardhash},
		#{p.issuing_bank},#{p.card_type}, #{p.udf1}, 
		#{p.ipAddress}, CURRENT_TIMESTAMP, #{p.udf3}, #{p.udf2}, 
		'BULK', #{p.udf4},#{p.applicationid});    
	</insert>
     
	<select id="getRecord" parameterType="map" resultType="java.lang.Integer">     
		SELECT count(*) FROM ccic.payu WHERE mihpayid=#{p.mihpayid}   
	</select>           
              

	<insert id="saveStudentDetails" parameterType="map">
		INSERT INTO    
		ccic.payu(    
		mihpayid, mode, status, unmappedstatus, key, txnid,
		amount,
		cardcategory, discount, net_amount_debit, addedon, productinfo,
		firstname, lastname,  phone, hash, payment_source, pg_type, bank_ref_num,
		bankcode, error, error_message, name_on_card, cardnum, cardhash,
		issuing_bank, card_type,  courseid, ipaddress,
		logtime, instituteid,transactiontype,applicationid)     
		VALUES   
		(#{p.mihId},#{p.mode},#{p.status},#{p.unmappedstatus},   
		#{p.key},#{p.txnid},#{p.fee},#{p.cardCategory},#{p.discount},
		#{p.net_amount_debit},#{p.addedon},#{p.productinfo},
		#{p.firstname},#{p.lastname},
		#{p.phone},#{p.hash},#{p.payment_source},#{p.PG_TYPE},
		#{p.bank_ref_num},#{p.bankcode},#{p.error},  
		#{p.error_Message},#{p.name_on_card},#{p.cardnum},#{p.cardhash},
		#{p.issuing_bank},#{p.card_type}, 
		#{p.courseid},   
		#{p.ipAddress}, CURRENT_TIMESTAMP, #{p.instituteid}::int, 'BULK', #{p.applicationid});   
	</insert>  
	   
	           
	   
	<insert id="addToTransactions" parameterType="map">   
		INSERT INTO ccic.payment_transactions(   
		mihpayid, mode, status, unmappedstatus, key, txnid,
		amount,
		cardcategory, discount, net_amount_debit, addedon, productinfo,
		firstname, lastname, address1, address2, city, state, country,
		zipcode, email, phone, hash, payment_source, pg_type, bank_ref_num,
		bankcode, error, error_message, name_on_card, cardnum, cardhash,  
		issuing_bank, card_type,course, ipaddress,
		logtime, collegeid,  transactiontype, guid)
		VALUES
		(#{p.mihpayid},#{p.mode},#{p.status},#{p.unmappedstatus},     
		#{p.key},#{p.txnid},#{p.amount},#{p.cardCategory},#{p.discount},  
		#{p.net_amount_debit},#{p.addedon},'CCIC-Certificate-Fee',  
		#{p.firstname},#{p.lastname},#{p.address1},#{p.address2},#{p.city},
		#{p.state},#{p.country},#{p.zipcode},
		#{p.email},#{p.phone},#{p.hash},#{p.payment_source},#{p.PG_TYPE},   
		#{p.bank_ref_num},#{p.bankcode},#{p.error},   
		#{p.error_Message},#{p.name_on_card},#{p.cardnum},#{p.cardhash},
		#{p.issuing_bank},#{p.card_type}, #{p.udf1},      
		#{p.ipAddress}, CURRENT_TIMESTAMP, #{p.udf2}::int, 
		'BULK', #{p.udf4});   
	</insert>                
	
	<select id="getStudentList" parameterType="map" resultType="java.lang.String">  
		select studentlist from ccic.bulkpayment where guid = #{p.udf4};   
	</select>     
	
	<update id="updateStudentPayment" parameterType="map">
		update ccic.student set paidstatus='Y' where applicationid=#{p.applicationid}
	
	</update>  
</mapper>








