<?xml version="1.0" encoding="UTF-8"?>
<beans xmlns="http://www.springframework.org/schema/beans"
	xmlns:mvc="http://www.springframework.org/schema/mvc" xmlns:xsi="http://www.w3.org/2001/XMLSchema-instance"
	xmlns:p="http://www.springframework.org/schema/p" xmlns:context="http://www.springframework.org/schema/context"
	xsi:schemaLocation="
        http://www.springframework.org/schema/beans
        http://www.springframework.org/schema/beans/spring-beans.xsd
        http://www.springframework.org/schema/mvc
        http://www.springframework.org/schema/mvc/spring-mvc.xsd 
        http://www.springframework.org/schema/context 
        http://www.springframework.org/schema/context/spring-context.xsd">

      <bean id="dataSource" class="org.springframework.jndi.JndiObjectFactoryBean">
        <property name="jndiName" value="java:comp/env/jdbc/amdds"/>
   </bean>   
  
  <bean id="mailSender" class="org.springframework.mail.javamail.JavaMailSenderImpl">  
	  <property name="host" value="smtp.gmail.com" />  
	    <property name="username" value="careers@apssdc.in" />  
	    <property name="password" value="pmdc@apssdc@789" />  
	    <property name="javaMailProperties">  
	       <props>  
	       		<prop key="mail.debug">true</prop>  
	            <prop key="mail.smtp.auth">true</prop> 
	            <prop key="mail.smtp.starttls.enable">true</prop>
	            <prop key="mail.smtp.EnableSSL.enable">true</prop>
	            <prop key="mail.smtp.socketFactory.port">465</prop>  
	            <prop key="mail.smtp.socketFactory.class">javax.net.ssl.SSLSocketFactory</prop>  
	            <prop key="mail.smtp.port">465</prop>
	            <prop key="mail.smtp.socketFactory.fallback">false</prop>   
	        </props>  
	    </property>  
	</bean>


	<bean id="jdbcTemplate" class="org.springframework.jdbc.core.JdbcTemplate">
		<property name="dataSource" ref="dataSource"></property>
	</bean>
	
	<bean id="sqlSessionFactory" class="org.mybatis.spring.SqlSessionFactoryBean">
		<property name="dataSource" ref="dataSource" />
		<property name="configLocation" value="classpath:sqlMapConfig.xml" />
	</bean>


	<bean id="paymentDAO" class="in.apssdc.paymentgateway.dao.PaymentDAO" /> 
	
	<context:component-scan base-package="in.apssdc" />  
	<mvc:annotation-driven />
</beans>
